ID,NUMBER,NAME,SEX,BIRTHDAY,TEL,CTCT_NAME,CTCT_ADDR,CTCT_TEL,PSPT_NO,PSPT_DATE,PSPT_NAME,RENTAL
1,WAP00104,北川　公一,1,1966-09-03,098-845-7881,,,017-658-5432,,,,
2,WAP00105,Buchanan Pearson,1,1949-09-03,06-6513-3352,,,048-453-4262,,,,
3,WAP00106,Stokes Mosley,1,1949-09-06,048-801-7860,,,084-707-3194,,,,
4,WAP00107,Consuelo Cohen,2,1991-08-11,045-626-6044,,,084-311-5322,,,,
5,WAP00108,Luisa Brown,2,1992-07-28,042-804-3588,,,013-565-1339,,,,
6,WAP00110,鶴岡　勝彦,1,1989-02-13,0537-65-9196,,,012-720-6267,,,,
7,WAP00111,谷内　梨央,2,1987-02-17,076-230-5395,,,071-228-7554,,,,
8,WAP00112,小山田　正和,1,1987-05-24,096-266-1997,,,088-662-7651,,,,
9,WAP00117,Shanna Taylor,2,1993-09-21,042-857-9972,,,090-005-3536,,,,
10,WAP00118,李 男皆,1,1986-09-12,022-729-9752,,,089-326-3830,,,,
11,WAP00119,Matthews Walls,1,1987-04-18,052-534-6889,,,059-265-7543,,,,
12,WAP00148,May Walker,1,1991-02-21,093-607-1445,,,057-468-1077,,,,
13,WAP00152,Mcgee Munoz,1,1986-05-11,052-534-2903,,,048-141-8726,,,,
14,WAP00155,Salas Rollins,1,1987-07-15,045-626-5432,,,015-553-8501,,,,
15,WAP00161,Hogan Duffy,1,1990-05-15,042-206-8116,,,002-808-4847,,,,
16,WAP00163,Bernadine Hewitt,2,1985-06-15,043-398-8725,,,031-275-7381,,,,
17,WAP00165,陈 奕单,1,1992-04-15,095-867-7604,,,091-134-6911,,,,
18,WAP00166,Tucker Battle,1,1991-02-25,025-323-2805,,,023-140-2945,,,,
19,WAP00167,Juarez Sellers,1,1988-06-14,04996-5-5512,,,048-470-4305,,,,
20,WAP00169,Tyler Delgado,1,1988-08-23,029-351-3501,,,048-578-4857,,,,
21,APPLY000001,Aine Logon,2,1989-09-14,029-351-3500,,,003-422-0926,,,,
22,APPLY000002,Li Lei,1,1989-06-18,025-323-2804,,,083-680-7786,,,,
23,APPLY000003,Han MeiMei,2,1991-08-22,04996-5-5511,,,019-841-6387,,,,
24,APPLY000004,Wei MingMing,1,1986-03-10,029-351-3500,,,067-546-4943,,,,
25,APPLY000005,Wang XiaoMing,1,1988-09-23,029-351-3499,,,064-652-3734,,,,
26,APPLY000006,Hong Lili,2,1987-02-14,025-323-2803,,,064-301-2363,,,,
27,APPLY000007,Qin Shubao,2,1988-07-24,04996-5-5510,,,024-024-3736,,,,
28,APPLY000008,Yu Chigong,1,1990-03-20,029-351-3499,,,085-314-7761,,,,
29,APPLY000009,Zhang Mingyuan,1,1993-03-16,029-351-3498,,,001-653-1396,,,,
30,APPLY000010,Li Zhihua,2,1989-04-11,025-323-2802,,,084-365-5787,,,,
31,APPLY000011,Xin Songli,2,1989-04-11,04996-5-5509,,,053-426-6788,,,,
32,APPLY000012,Zhu Mingkong,1,1986-04-20,029-351-3498,,,040-586-1265,,,,
33,APPLY000013,Fan Lihua,1,1991-07-12,029-351-3497,,,084-368-6958,,,,
34,APPLY000014,Ning Laibin,1,1986-07-16,025-323-2801,,,019-757-3524,,,,
35,APPLY000015,Chen Wenjun,1,1992-02-28,04996-5-5508,,,027-368-6782,,,,
36,APPLY000016,Ying Tian,1,1991-01-22,029-351-3497,,,013-223-5326,,,,
37,APPLY000017,Qu Shenning,2,1986-01-13,029-351-3496,,,030-857-6367,,,,
38,APPLY000018,Xdntr Mjukdcdj,1,1986-04-15,082-177-3612,,,095-293-4445,,,,
39,APPLY000019,Fabxa Wdmdlcqw,2,1990-04-25,043-288-1531,,,060-381-1333,,,,
40,APPLY000020,Uhruv Rqrjdknu,1,1988-09-23,004-683-2688,,,032-331-7153,,,,
41,APPLY000021,Mxpuv Zwqyfemt,2,1992-07-24,056-428-5798,,,062-544-2715,,,,
42,APPLY000022,Uilfc Orlaemlq,1,1988-03-15,054-143-7837,,,027-262-1306,,,,
43,APPLY000023,Gsvlo Kxnyshcw,2,1991-05-16,032-178-8723,,,027-122-1786,,,,
44,APPLY000024,Ifqvz Pdoololr,2,1990-06-12,036-551-7952,,,036-123-3854,,,,
45,APPLY000025,Fhygh Riizcyfc,2,1985-02-24,037-456-9637,,,051-214-1953,,,,
46,APPLY000026,Pmzke Ihqojvio,2,1988-02-19,031-147-5761,,,093-588-8781,,,,
47,APPLY000027,Knvkn Knyfmpef,2,1986-06-26,064-744-6557,,,045-834-2488,,,,
48,APPLY000028,Evnhm Mautfuac,1,1985-08-21,016-727-5565,,,046-403-4509,,,,
49,APPLY000029,Oqwyn Iajvfxpc,2,1987-08-11,092-348-6752,,,072-216-0645,,,,
50,APPLY000030,Nejdo Grcxgmci,1,1987-05-17,012-644-5722,,,026-880-2978,,,,
51,APPLY000031,Axipk Bqfgvbul,2,1991-02-13,077-215-8545,,,075-107-8776,,,,
52,APPLY000032,Xpfpb Jxromeep,2,1987-05-20,053-311-7657,,,056-727-7149,,,,
53,APPLY000033,Dhptk Rfvavqej,2,1991-03-20,078-439-3301,,,045-921-7289,,,,
54,APPLY000034,Ruage Aqcueall,2,1988-05-21,091-546-0418,,,058-278-3112,,,,
55,APPLY000035,Llppw Ksqpmcxc,1,1991-06-20,099-638-3836,,,070-576-6537,,,,
56,APPLY000036,Kzeio Bhpfktxy,2,1986-09-17,081-942-3129,,,042-237-9593,,,,
57,APPLY000037,Zioir Vnlzneiw,1,1988-02-26,032-393-6362,,,049-068-2584,,,,
58,APPLY000038,Ympuj Wvlaouuj,1,1986-02-18,045-523-2713,,,015-821-6678,,,,
59,APPLY000039,Uanve Dokhzxsm,1,1989-04-24,086-247-3382,,,036-411-5488,,,,
60,APPLY000040,Mjnse Urcuadzd,1,1987-04-23,063-918-4569,,,068-616-1254,,,,
61,APPLY000041,Hgoiv Uhhjrwbr,2,1987-07-27,073-646-3506,,,032-255-2512,,,,
62,APPLY000042,Rnbhd Iazxetbv,2,1988-01-25,066-998-5427,,,002-856-0655,,,,
63,APPLY000043,Ffkcn Ghdtztqi,1,1986-08-17,097-875-6245,,,013-215-6425,,,,
64,APPLY000044,Pktpf Vwqrujtk,2,1990-03-27,065-643-2504,,,039-829-0397,,,,
65,APPLY000045,Cbsxp Lovdhqkl,1,1987-06-14,082-898-7017,,,028-639-8418,,,,
66,APPLY000046,Isrxd Xjelrvhx,2,1989-04-11,026-832-2890,,,043-767-9384,,,,
67,APPLY000047,Veybi Chnqzqyd,2,1989-04-15,051-246-6231,,,078-185-3909,,,,
68,APPLY000048,Imnwi Ieocefsh,1,1991-07-18,051-752-3218,,,023-358-8125,,,,
69,APPLY000049,Pcvbc Dlnxpuyb,1,1991-05-28,057-383-2681,,,035-563-4747,,,,
70,APPLY000050,Ytlmh Ebxkjnue,1,1988-09-18,045-389-7034,,,053-724-0716,,,,
71,APPLY000051,Ibttm Hrvlpias,1,1992-02-16,083-000-1784,,,036-598-5662,,,,
72,APPLY000052,Cznhp Llzzbozb,1,1991-03-11,089-617-1014,,,047-467-2431,,,,
73,APPLY000053,Uhurs Gcktuvsg,2,1988-05-20,047-541-1843,,,049-403-6056,,,,
74,APPLY000054,Citzh Qkypqell,1,1987-08-26,030-337-3062,,,085-218-5766,,,,
75,APPLY000055,Oelih Lraelgbx,1,1986-02-20,086-114-4927,,,028-263-9487,,,,
76,APPLY000056,Ebeoy Icoxdmyj,2,1991-08-13,057-616-8654,,,082-376-5147,,,,
77,APPLY000057,Yghvm Elomzvgc,1,1989-08-15,079-911-3675,,,012-952-9697,,,,
78,APPLY000058,Kppkn Fsbkqszy,1,1987-07-17,080-062-5630,,,082-132-5484,,,,
79,APPLY000059,Yjbop Kozdwfif,2,1989-02-20,041-878-4045,,,082-884-0817,,,,
80,APPLY000060,Knugh Bwvkfddj,1,1991-05-16,099-362-5463,,,078-643-8096,,,,
81,APPLY000061,Rnmjc Fsjuotww,1,1985-05-25,091-768-5071,,,052-688-4567,,,,
82,APPLY000062,Gxkbz Ctogpnwx,1,1986-07-27,067-755-7615,,,008-333-1114,,,,
83,APPLY000063,Uwpnh Vkfywblf,1,1986-06-27,077-147-8182,,,074-751-3325,,,,
84,APPLY000064,Trljc Tmszxkey,1,1990-06-14,047-755-8342,,,046-347-1568,,,,
85,APPLY000065,Rxzpm Axmxzjty,1,1992-07-18,072-822-7360,,,022-968-8299,,,,
86,APPLY000066,Qizlo Qzcdahei,1,1985-02-27,082-671-8377,,,070-785-2546,,,,
87,APPLY000067,Ijlmx Gxhqqymw,1,1989-05-16,044-716-9858,,,033-747-6831,,,,
88,APPLY000068,Bkiox Afskjvbb,2,1988-05-15,045-665-4416,,,065-602-2023,,,,
89,APPLY000069,Zauiu Ypqkhgwc,2,1991-08-13,095-371-2423,,,066-500-7825,,,,
90,APPLY000070,Qgspx Hyjdkyeb,1,1985-06-12,065-223-6657,,,095-261-0275,,,,
91,APPLY000071,Etdrk Ttfiwfkl,2,1986-06-21,077-171-1823,,,022-157-8722,,,,
92,APPLY000072,Qmcgo Axqndyup,2,1992-03-27,018-833-8452,,,013-046-6210,,,,
93,APPLY000073,Drfxi Zjqdnlid,1,1987-02-18,080-336-1226,,,011-973-8295,,,,
94,APPLY000074,Plcqv Jdnobwzf,2,1988-07-28,082-263-2475,,,053-860-8063,,,,
95,APPLY000075,Nyttv Astvunip,1,1987-07-23,043-015-4164,,,028-619-1875,,,,
96,APPLY000076,Wncub Wtlzovns,2,1993-02-11,066-340-3834,,,014-957-0252,,,,
97,APPLY000077,Gyghc Eobmnakk,1,1991-03-16,094-113-1265,,,081-133-4475,,,,
98,APPLY000078,Zvokl Atraunib,2,1991-06-27,026-501-2520,,,004-314-8237,,,,
99,APPLY000079,Sgwoe Xkhaguso,2,1985-01-18,092-694-1310,,,082-823-1456,,,,
100,APPLY000080,Ndjax Josploac,2,1985-03-21,055-883-0316,,,081-426-7244,,,,
101,APPLY000081,Ejzwd Kulcqbgy,1,1986-03-20,041-752-8354,,,083-046-4529,,,,
102,APPLY000082,Rqysb Izojipyk,1,1988-08-16,081-991-0364,,,043-546-3762,,,,
103,APPLY000083,Vqyfd Upvtoczo,1,1987-02-22,022-548-0282,,,019-707-8347,,,,
104,APPLY000084,Ywcri Gmzujxgb,2,1992-06-27,037-244-3036,,,030-686-3835,,,,
105,APPLY000085,Otysj Fcmtnfcg,1,1985-04-12,050-851-5490,,,074-778-3269,,,,
106,APPLY000086,Bbzzh Rbhmyoch,2,1993-03-17,077-746-6263,,,023-427-1512,,,,
107,APPLY000087,Qmlan Cxroaxsq,1,1988-06-13,055-745-9874,,,055-804-3147,,,,
108,APPLY000088,Kcepj Aqzbrvjl,2,1990-03-19,005-081-6875,,,016-311-1896,,,,
109,APPLY000089,Gcolt Yqwofmib,2,1990-04-21,005-380-8787,,,031-852-6650,,,,
110,APPLY000090,Fhrkc Bfrebujo,2,1985-04-17,058-308-2373,,,092-555-0744,,,,
111,APPLY000091,Nrmxp Dykpudlc,1,1990-08-21,023-525-8601,,,017-914-3564,,,,
112,APPLY000092,Tuurk Fwqfdwjg,2,1985-07-11,024-269-4276,,,026-070-4283,,,,
113,APPLY000093,Uaukp Bhrzxukq,1,1992-07-25,034-981-3982,,,067-721-0212,,,,
114,APPLY000094,Votci Xmwcmget,2,1986-05-15,087-146-1470,,,048-522-5198,,,,
115,APPLY000095,Quarc Ntaivtyt,2,1986-02-20,085-968-3172,,,048-832-8568,,,,
116,APPLY000096,Cybly Qmajgmrf,1,1991-06-23,061-522-8955,,,078-502-3418,,,,
117,APPLY000097,Bihbi Rtwkeqgx,2,1986-07-22,023-508-9626,,,030-622-8567,,,,
118,APPLY000098,Cgkjy Dqycwuwo,1,1986-02-23,036-402-4770,,,081-762-9651,,,,
119,APPLY000099,Wxnxb Ckndfbdu,1,1990-04-21,081-676-7950,,,073-325-4116,,,,
120,APPLY000100,Aimsf Orimexfq,2,1988-03-21,023-171-2508,,,082-514-5332,,,,
121,APPLY000101,Gyydl Fqzeyche,2,1991-01-20,053-651-7086,,,088-021-1863,,,,
122,APPLY000102,Bdkbq Ibkpnojb,2,1985-01-18,085-522-1033,,,073-211-1614,,,,
123,APPLY000103,Gxlcx Yzkoeapt,2,1986-05-12,035-363-1744,,,082-411-7846,,,,
124,APPLY000104,Jiewa Enqzgntk,2,1989-04-11,077-534-5388,,,058-564-1211,,,,
125,APPLY000105,Ngdrv Szselqtv,2,1987-03-23,000-377-5783,,,056-882-4111,,,,
126,APPLY000106,Ndfvv Doehtojx,1,1990-04-20,094-277-0294,,,056-571-3672,,,,
127,APPLY000107,Oswfc Oiwmzigq,2,1991-08-15,057-348-6467,,,051-055-9638,,,,
128,APPLY000108,Iqzig Pbcrrmsp,1,1992-06-19,063-893-4811,,,082-737-0881,,,,
129,APPLY000109,Pmrko Lhxzynqi,1,1990-08-17,006-473-8274,,,063-229-3930,,,,
130,APPLY000110,Dgsgj Dbazbmuz,1,1991-04-22,040-563-6581,,,056-018-7664,,,,
131,APPLY000111,Wyfyw Nxcupsed,2,1985-06-27,013-310-8166,,,059-817-2627,,,,
132,APPLY000112,Kovkp Ybyidhhh,2,1992-04-23,021-811-9826,,,061-493-2325,,,,
133,APPLY000113,Xxbks Muguqkqn,2,1988-06-21,002-330-6351,,,071-384-4355,,,,
134,APPLY000114,Jjcza Qdcbflxk,2,1988-02-16,056-563-5736,,,058-458-8265,,,,
135,APPLY000115,Dggqr Thglggvg,2,1989-07-16,058-556-4155,,,052-263-4141,,,,
136,APPLY000116,Igfeb Fdcnlwfx,2,1990-06-21,031-237-0705,,,023-548-7636,,,,
137,APPLY000117,Phjpr Uaymurvu,1,1985-06-22,047-349-6213,,,046-581-6764,,,,
138,APPLY000118,Kateu Jeajjesp,1,1992-01-20,044-565-1556,,,062-882-1225,,,,
139,APPLY000119,Jozrz Uwjcobqr,2,1990-08-12,010-549-0554,,,033-329-3835,,,,
140,APPLY000120,Maysq Tnkppsnr,2,1990-05-27,036-765-2395,,,057-721-4232,,,,
141,APPLY000121,Ljdpz Jojthubx,2,1991-06-24,082-174-1786,,,034-846-9589,,,,
142,APPLY000122,Dwoin Ueqfthpw,2,1985-04-14,091-628-0192,,,084-762-6739,,,,
143,APPLY000123,Akmlk Uxakwplm,1,1988-07-16,056-175-7621,,,052-513-1194,,,,
144,APPLY000124,Skjcz Xhsyprxm,2,1989-02-15,002-182-1244,,,016-821-6362,,,,
145,APPLY000125,Todzh Lhqjglef,1,1986-08-28,091-723-5116,,,053-863-8226,,,,
146,APPLY000126,Heqzb Hkqgcbun,2,1989-04-18,097-063-1599,,,024-418-3931,,,,
147,APPLY000127,Wrchu Mavbwfqk,2,1989-09-23,071-640-2223,,,053-436-2429,,,,
148,APPLY000128,Iamlr Prtycwjq,1,1988-03-20,036-750-7220,,,065-756-3745,,,,
149,APPLY000129,Fdzey Lzwtrrer,2,1992-07-20,020-528-4323,,,019-746-7534,,,,
150,APPLY000130,Wradg Wintftsl,1,1986-04-16,007-610-6781,,,052-215-1326,,,,
151,APPLY000131,Rckih Vtqxtgyv,1,1990-07-13,012-453-3435,,,045-515-4140,,,,
152,APPLY000132,Igtlc Cxhcusel,1,1990-04-23,032-629-1607,,,026-732-1739,,,,
153,APPLY000133,Jpoyx Twtfzaja,2,1993-06-13,052-239-2292,,,008-808-4924,,,,
154,APPLY000134,Mtowh Opqloepo,2,1992-01-18,036-615-3028,,,055-593-5768,,,,
155,APPLY000135,Gssie Xjccgjen,1,1987-02-18,017-578-9960,,,055-327-2965,,,,
156,APPLY000136,Arvfs Pmnibykp,2,1991-01-12,023-881-2691,,,038-751-6986,,,,
157,APPLY000137,Sfgkl Vnofnbai,2,1987-03-23,081-367-2838,,,066-926-3845,,,,
158,APPLY000138,Bofdm Vvubscge,2,1992-03-24,013-387-6264,,,073-937-8633,,,,
159,APPLY000139,Lmtyk Epbldmbx,1,1988-05-22,067-351-8151,,,056-133-8266,,,,
160,APPLY000140,Hnlua Ipcduizp,1,1992-08-10,042-214-5063,,,060-134-8004,,,,
161,APPLY000141,Lnyuh Uhwpzbwr,1,1990-07-24,023-426-2422,,,045-835-3542,,,,
162,APPLY000142,Fspda Kaamwhic,1,1991-05-22,048-740-0946,,,046-673-5669,,,,
163,APPLY000143,Ugojb Okhzqflu,1,1990-07-21,080-114-8259,,,019-069-7815,,,,
164,APPLY000144,Jgxlu Xdurxjgz,1,1990-06-27,015-435-2143,,,007-630-9433,,,,
165,APPLY000145,Kjxdq Wznbepul,1,1990-08-19,012-468-0986,,,062-319-1228,,,,
166,APPLY000146,Pkerh Ejxaofku,2,1989-06-21,098-342-2256,,,023-519-5444,,,,
167,APPLY000147,Rqirh Wtbwozor,1,1988-02-20,057-065-7212,,,013-524-5369,,,,
168,APPLY000148,Ybshj Srqzghwr,2,1992-03-23,012-514-5259,,,047-409-5235,,,,
169,APPLY000149,Hxujp Zkpvsihs,2,1988-05-17,023-722-9421,,,052-764-6176,,,,
170,APPLY000150,Utuyi Lavpweni,1,1991-06-18,046-451-8328,,,073-151-6284,,,,
171,APPLY000151,Feamk Wmearxuc,2,1990-09-24,085-746-9689,,,019-697-3072,,,,
172,APPLY000152,Jauje Fhlrluiy,1,1989-03-21,085-838-8591,,,016-626-6266,,,,
173,APPLY000153,Wunox Dqtybyop,2,1989-01-17,006-288-8325,,,087-266-6721,,,,
174,APPLY000154,Aiqfc Ibnpzmxb,1,1992-08-15,038-144-9912,,,097-415-4905,,,,
175,APPLY000155,Atkfu Osuuidfp,2,1986-01-19,076-758-1096,,,067-347-6273,,,,
176,APPLY000156,Vgbcx Kvnmzaof,1,1985-02-14,089-271-8651,,,062-022-7714,,,,
177,APPLY000157,Dexhe Ufldgufx,1,1991-06-17,064-977-8610,,,094-796-4544,,,,
178,APPLY000158,Zrxwo Uvijscth,1,1989-04-25,016-376-4953,,,085-232-3449,,,,
179,APPLY000159,Qlevs Rqtljitj,1,1985-03-20,025-468-3952,,,012-476-4380,,,,
180,APPLY000160,Gxblk Hkfjzfqh,1,1987-08-11,012-182-7542,,,038-764-3862,,,,
181,APPLY000161,Qbcmk Pgesvxal,2,1990-08-20,059-732-5312,,,013-898-3215,,,,
182,APPLY000162,Ludit Hxsxoxim,1,1989-06-16,084-966-4718,,,061-947-6333,,,,
183,APPLY000163,Gqiky Iogwjopr,1,1987-01-25,020-314-4171,,,093-335-7560,,,,
184,APPLY000164,Lajio Fdxfehjx,1,1987-02-15,043-033-4553,,,078-644-2416,,,,
185,APPLY000165,Goati Vcxxeyyo,2,1987-04-23,014-212-2237,,,057-345-5580,,,,
186,APPLY000166,Rgxhw Fhiiskpy,2,1991-04-13,066-311-3667,,,062-045-8912,,,,
187,APPLY000167,Akqtk Agzrlvwv,1,1991-01-12,013-651-5326,,,042-463-1239,,,,
188,APPLY000168,Tbmeu Hqcrtsgu,1,1990-08-25,038-165-1542,,,040-710-4730,,,,
189,APPLY000169,Rrjjh Pjpoegog,1,1988-04-19,001-666-2287,,,068-558-5126,,,,
190,APPLY000170,Lihgg Dnbpyxsg,2,1990-04-15,068-434-0446,,,058-981-5717,,,,
191,APPLY000171,Gepup Yaqozmyg,2,1990-05-16,038-893-5741,,,012-165-0263,,,,
192,APPLY000172,Slncb Lsuogkuk,2,1989-09-14,007-055-7481,,,047-420-1363,,,,
193,APPLY000173,Jhzpw Mnfzuhre,2,1992-05-27,068-567-4916,,,047-058-4081,,,,
194,APPLY000174,Jofno Hroobtha,2,1991-05-27,044-076-3875,,,033-556-7552,,,,
195,APPLY000175,Lnchy Tiswgiiv,1,1992-07-23,046-881-0002,,,057-777-4777,,,,
196,APPLY000176,Gmijv Kylgpxsj,2,1988-07-11,041-664-1403,,,080-524-2831,,,,
197,APPLY000177,Ytspi Tiqsaqqc,2,1985-05-13,061-042-3920,,,029-448-2870,,,,
198,APPLY000178,Twpqx Cotoyqzb,1,1986-06-16,044-008-6560,,,096-290-7754,,,,
199,APPLY000179,Qtzig Clopkxmp,1,1991-07-22,016-746-8715,,,033-254-2841,,,,
200,APPLY000180,Ydlmv Uqzaqego,1,1991-05-12,063-429-8044,,,041-255-6237,,,,
